<?xml version="1.0" encoding="UTF-8"?>
<beans xmlns="http://www.springframework.org/schema/beans"
	xmlns:xsi="http://www.w3.org/2001/XMLSchema-instance"
	xmlns:context="http://www.springframework.org/schema/context"
	xsi:schemaLocation="http://www.springframework.org/schema/beans https://www.springframework.org/schema/beans/spring-beans-4.3.xsd
		http://www.springframework.org/schema/context https://www.springframework.org/schema/context/spring-context-4.3.xsd">


	<bean name="orderone" class="com.hcl7.Order">
		<property name="itemName" value="Iphone6s"></property>
		<property name="price" value="60000"></property>
	</bean>

	<bean name="ordertwo" class="com.hcl7.Order">
		<property name="itemName" value="Iphone5s"></property>
		<property name="price" value="40000"></property>
	</bean>

	<bean name="user" class="com.hcl7.User" autowire="byType">
		<property name="name" value="Lakshmi"></property>
		<property name="age" value="24"></property>
		<property name="city" value="chennai"></property>
		<property name= "order" ref="ordertwo"> </property>
	</bean>


</beans>
