<?xml version="1.0" encoding="UTF-8"?>
<beans xmlns="http://www.springframework.org/schema/beans"
	xmlns:xsi="http://www.w3.org/2001/XMLSchema-instance"
	xmlns:context="http://www.springframework.org/schema/context"
	xsi:schemaLocation="http://www.springframework.org/schema/beans https://www.springframework.org/schema/beans/spring-beans-4.3.xsd
		http://www.springframework.org/schema/context https://www.springframework.org/schema/context/spring-context-4.3.xsd">

	<bean name="course1" class="com.hcl8.Course">
		<property name="name" value="JAVA core"></property>
		<property name="mentor" value="Aishu"></property>
		<property name="fee" value="1000"></property>
	</bean>

	<bean name="course2" class="com.hcl8.Course">
		<property name="name" value="Python"></property>
		<property name="mentor" value="Nivedha"></property>
		<property name="fee" value="2000"></property>
	</bean>

	<bean name="course3" class="com.hcl8.Course">
		<property name="name" value="Servlets"></property>
		<property name="mentor" value="Shivani"></property>
		<property name="fee" value="500"></property>
	</bean>
</beans>
